algorithm,quality,run_id,sharpe_ratio,annual_return,runtime,repair_method,mean_sharpe,std_sharpe,mean_return,mean_time,mean_generations,pop_size,mutation_rate,gaussian_stdev,num_elites,max_generations,swarm_size,max_iterations,w,c1,c2
GA,worst,1,0.7176904678282909,13693.215444127389,1.6153631210327148,normalize,0.7153947505038558,0.0172585447875666,24695.42324719319,2.2725918769836424,51.0,200.0,0.1,0.1,2.0,50.0,,,,,
GA,worst,2,0.7426477939026128,23159.278289955826,1.6030399799346924,normalize,0.7153947505038558,0.0172585447875666,24695.42324719319,2.2725918769836424,51.0,200.0,0.1,0.1,2.0,50.0,,,,,
GA,worst,3,0.7129760914150627,22331.165691462964,1.581827163696289,normalize,0.7153947505038558,0.0172585447875666,24695.42324719319,2.2725918769836424,51.0,200.0,0.1,0.1,2.0,50.0,,,,,
GA,worst,4,0.6882757882722387,33294.980429298885,1.5725219249725342,normalize,0.7153947505038558,0.0172585447875666,24695.42324719319,2.2725918769836424,51.0,200.0,0.1,0.1,2.0,50.0,,,,,
GA,worst,5,0.7153836111010744,30998.47638112088,1.5873239040374756,normalize,0.7153947505038558,0.0172585447875666,24695.42324719319,2.2725918769836424,51.0,200.0,0.1,0.1,2.0,50.0,,,,,
GA,worst,6,0.6961659801234753,20153.28131891372,1.5253350734710693,normalize,0.7153947505038558,0.0172585447875666,24695.42324719319,2.2725918769836424,51.0,200.0,0.1,0.1,2.0,50.0,,,,,
GA,worst,7,0.7292846897240515,30240.428941899856,1.6510121822357178,normalize,0.7153947505038558,0.0172585447875666,24695.42324719319,2.2725918769836424,51.0,200.0,0.1,0.1,2.0,50.0,,,,,
GA,worst,8,0.7464923422565934,25429.898180271328,1.584954023361206,normalize,0.7153947505038558,0.0172585447875666,24695.42324719319,2.2725918769836424,51.0,200.0,0.1,0.1,2.0,50.0,,,,,
GA,worst,9,0.8297291331514397,34243.23689069161,1.581800937652588,normalize,0.7153947505038558,0.0172585447875666,24695.42324719319,2.2725918769836424,51.0,200.0,0.1,0.1,2.0,50.0,,,,,
GA,worst,10,0.753366353764099,34481.75317707641,1.5355241298675537,normalize,0.7153947505038558,0.0172585447875666,24695.42324719319,2.2725918769836424,51.0,200.0,0.1,0.1,2.0,50.0,,,,,
GA,worst,11,0.793799090287507,31749.731090845158,1.51808500289917,normalize,0.7153947505038558,0.0172585447875666,24695.42324719319,2.2725918769836424,51.0,200.0,0.1,0.1,2.0,50.0,,,,,
GA,worst,12,0.7405325658486794,32536.893410285218,1.5291707515716553,normalize,0.7153947505038558,0.0172585447875666,24695.42324719319,2.2725918769836424,51.0,200.0,0.1,0.1,2.0,50.0,,,,,
GA,worst,13,0.6829978738503644,23820.086814486338,1.5274879932403564,normalize,0.7153947505038558,0.0172585447875666,24695.42324719319,2.2725918769836424,51.0,200.0,0.1,0.1,2.0,50.0,,,,,
GA,worst,14,0.7214431528481089,28675.592598210475,1.5846171379089355,normalize,0.7153947505038558,0.0172585447875666,24695.42324719319,2.2725918769836424,51.0,200.0,0.1,0.1,2.0,50.0,,,,,
GA,worst,15,0.7580499774881564,32375.864141390884,1.6158447265625,normalize,0.7153947505038558,0.0172585447875666,24695.42324719319,2.2725918769836424,51.0,200.0,0.1,0.1,2.0,50.0,,,,,
GA,worst,16,0.6810469305739961,27117.150054627084,1.5431110858917236,normalize,0.7153947505038558,0.0172585447875666,24695.42324719319,2.2725918769836424,51.0,200.0,0.1,0.1,2.0,50.0,,,,,
GA,worst,17,0.7153615948345252,31789.639360076257,1.5525619983673096,normalize,0.7153947505038558,0.0172585447875666,24695.42324719319,2.2725918769836424,51.0,200.0,0.1,0.1,2.0,50.0,,,,,
GA,worst,18,0.7241113289365347,34445.76425889761,1.5311341285705566,normalize,0.7153947505038558,0.0172585447875666,24695.42324719319,2.2725918769836424,51.0,200.0,0.1,0.1,2.0,50.0,,,,,
GA,worst,19,0.785807049574828,31527.997482555562,1.8039631843566895,normalize,0.7153947505038558,0.0172585447875666,24695.42324719319,2.2725918769836424,51.0,200.0,0.1,0.1,2.0,50.0,,,,,
GA,worst,20,0.7403596380840156,29166.48123589996,1.5814077854156494,normalize,0.7153947505038558,0.0172585447875666,24695.42324719319,2.2725918769836424,51.0,200.0,0.1,0.1,2.0,50.0,,,,,
GA,worst,21,0.6787788376327137,25073.027403030206,1.600477933883667,normalize,0.7153947505038558,0.0172585447875666,24695.42324719319,2.2725918769836424,51.0,200.0,0.1,0.1,2.0,50.0,,,,,
GA,worst,22,0.7974823770330985,35695.65999371838,1.837496280670166,normalize,0.7153947505038558,0.0172585447875666,24695.42324719319,2.2725918769836424,51.0,200.0,0.1,0.1,2.0,50.0,,,,,
GA,worst,23,0.8130026601485327,29800.4668192227,1.6696929931640625,normalize,0.7153947505038558,0.0172585447875666,24695.42324719319,2.2725918769836424,51.0,200.0,0.1,0.1,2.0,50.0,,,,,
GA,worst,24,0.7329790247780681,30049.022882137913,1.5866918563842773,normalize,0.7153947505038558,0.0172585447875666,24695.42324719319,2.2725918769836424,51.0,200.0,0.1,0.1,2.0,50.0,,,,,
GA,worst,25,0.68730228146452,32915.439856343844,1.587980031967163,normalize,0.7153947505038558,0.0172585447875666,24695.42324719319,2.2725918769836424,51.0,200.0,0.1,0.1,2.0,50.0,,,,,
GA,worst,26,0.6773253734662821,23388.537269145952,1.5762341022491455,normalize,0.7153947505038558,0.0172585447875666,24695.42324719319,2.2725918769836424,51.0,200.0,0.1,0.1,2.0,50.0,,,,,
GA,worst,27,0.7795330164323534,32087.858355073884,1.580482006072998,normalize,0.7153947505038558,0.0172585447875666,24695.42324719319,2.2725918769836424,51.0,200.0,0.1,0.1,2.0,50.0,,,,,
GA,worst,28,0.7610849325606821,28489.52915342937,1.6101510524749756,normalize,0.7153947505038558,0.0172585447875666,24695.42324719319,2.2725918769836424,51.0,200.0,0.1,0.1,2.0,50.0,,,,,
GA,worst,29,0.8348734101116695,26937.186011526235,1.5597047805786133,normalize,0.7153947505038558,0.0172585447875666,24695.42324719319,2.2725918769836424,51.0,200.0,0.1,0.1,2.0,50.0,,,,,
GA,worst,30,0.7355076094969475,30493.573480562136,1.5351769924163818,normalize,0.7153947505038558,0.0172585447875666,24695.42324719319,2.2725918769836424,51.0,200.0,0.1,0.1,2.0,50.0,,,,,
GA,worst,31,0.711506992328899,30074.60440730968,1.629488229751587,normalize,0.7153947505038558,0.0172585447875666,24695.42324719319,2.2725918769836424,51.0,200.0,0.1,0.1,2.0,50.0,,,,,
GA,median,1,0.8923721727996474,32041.469747501316,1.6941261291503906,normalize,0.907520368983354,0.0161822347693327,35026.86303367051,2.5248826503753663,51.0,200.0,0.1,0.01,2.0,50.0,,,,,
GA,median,2,0.9134519547713444,36450.721047677376,1.5956189632415771,normalize,0.907520368983354,0.0161822347693327,35026.86303367051,2.5248826503753663,51.0,200.0,0.1,0.01,2.0,50.0,,,,,
GA,median,3,0.8873655471490571,34681.66262570606,1.5753660202026367,normalize,0.907520368983354,0.0161822347693327,35026.86303367051,2.5248826503753663,51.0,200.0,0.1,0.01,2.0,50.0,,,,,
GA,median,4,0.8539693819015604,27600.801528610365,1.5666930675506592,normalize,0.907520368983354,0.0161822347693327,35026.86303367051,2.5248826503753663,51.0,200.0,0.1,0.01,2.0,50.0,,,,,
GA,median,5,0.8170684097630907,31747.562820741798,1.6146109104156494,normalize,0.907520368983354,0.0161822347693327,35026.86303367051,2.5248826503753663,51.0,200.0,0.1,0.01,2.0,50.0,,,,,
GA,median,6,0.8718758110553287,35396.380811462885,1.555880069732666,normalize,0.907520368983354,0.0161822347693327,35026.86303367051,2.5248826503753663,51.0,200.0,0.1,0.01,2.0,50.0,,,,,
GA,median,7,0.8711764157425714,37323.002461808814,1.724837064743042,normalize,0.907520368983354,0.0161822347693327,35026.86303367051,2.5248826503753663,51.0,200.0,0.1,0.01,2.0,50.0,,,,,
GA,median,8,0.9308323148805504,32255.239796634276,1.57230806350708,normalize,0.907520368983354,0.0161822347693327,35026.86303367051,2.5248826503753663,51.0,200.0,0.1,0.01,2.0,50.0,,,,,
GA,median,9,0.8772269610778634,35376.870402735454,1.6072490215301514,normalize,0.907520368983354,0.0161822347693327,35026.86303367051,2.5248826503753663,51.0,200.0,0.1,0.01,2.0,50.0,,,,,
GA,median,10,0.8445318072429616,35246.59755064084,1.548011064529419,normalize,0.907520368983354,0.0161822347693327,35026.86303367051,2.5248826503753663,51.0,200.0,0.1,0.01,2.0,50.0,,,,,
GA,median,11,0.8658135931930651,33442.797756889224,1.5235588550567627,normalize,0.907520368983354,0.0161822347693327,35026.86303367051,2.5248826503753663,51.0,200.0,0.1,0.01,2.0,50.0,,,,,
GA,median,12,0.9413530815299918,36136.49268128096,1.5480408668518066,normalize,0.907520368983354,0.0161822347693327,35026.86303367051,2.5248826503753663,51.0,200.0,0.1,0.01,2.0,50.0,,,,,
GA,median,13,0.8176588734019309,33731.25698068847,1.5455660820007324,normalize,0.907520368983354,0.0161822347693327,35026.86303367051,2.5248826503753663,51.0,200.0,0.1,0.01,2.0,50.0,,,,,
GA,median,14,0.9078337967925123,35459.6796236173,1.5889699459075928,normalize,0.907520368983354,0.0161822347693327,35026.86303367051,2.5248826503753663,51.0,200.0,0.1,0.01,2.0,50.0,,,,,
GA,median,15,0.9067938347493911,35322.55594655317,1.6566121578216553,normalize,0.907520368983354,0.0161822347693327,35026.86303367051,2.5248826503753663,51.0,200.0,0.1,0.01,2.0,50.0,,,,,
GA,median,16,0.9871397299564979,34436.91501605898,1.538010835647583,normalize,0.907520368983354,0.0161822347693327,35026.86303367051,2.5248826503753663,51.0,200.0,0.1,0.01,2.0,50.0,,,,,
GA,median,17,0.8167312004888365,31235.17313026293,1.5485079288482666,normalize,0.907520368983354,0.0161822347693327,35026.86303367051,2.5248826503753663,51.0,200.0,0.1,0.01,2.0,50.0,,,,,
GA,median,18,0.9601399899463359,35521.772055390924,1.594074010848999,normalize,0.907520368983354,0.0161822347693327,35026.86303367051,2.5248826503753663,51.0,200.0,0.1,0.01,2.0,50.0,,,,,
GA,median,19,0.8881612645616294,30891.315962718083,1.8122148513793945,normalize,0.907520368983354,0.0161822347693327,35026.86303367051,2.5248826503753663,51.0,200.0,0.1,0.01,2.0,50.0,,,,,
GA,median,20,0.8477870536637362,30071.714369792255,1.5500988960266113,normalize,0.907520368983354,0.0161822347693327,35026.86303367051,2.5248826503753663,51.0,200.0,0.1,0.01,2.0,50.0,,,,,
GA,median,21,0.8546891657897784,26644.610044003202,1.616274356842041,normalize,0.907520368983354,0.0161822347693327,35026.86303367051,2.5248826503753663,51.0,200.0,0.1,0.01,2.0,50.0,,,,,
GA,median,22,0.8424718439704308,35286.049260722546,1.9211339950561523,normalize,0.907520368983354,0.0161822347693327,35026.86303367051,2.5248826503753663,51.0,200.0,0.1,0.01,2.0,50.0,,,,,
GA,median,23,0.9211089785465297,32608.164852802496,1.6258831024169922,normalize,0.907520368983354,0.0161822347693327,35026.86303367051,2.5248826503753663,51.0,200.0,0.1,0.01,2.0,50.0,,,,,
GA,median,24,0.8312422315188144,34059.34421556792,1.5704340934753418,normalize,0.907520368983354,0.0161822347693327,35026.86303367051,2.5248826503753663,51.0,200.0,0.1,0.01,2.0,50.0,,,,,
GA,median,25,0.8947156970937125,36105.23642792597,1.6048572063446045,normalize,0.907520368983354,0.0161822347693327,35026.86303367051,2.5248826503753663,51.0,200.0,0.1,0.01,2.0,50.0,,,,,
GA,median,26,0.852101699503856,35563.61127935603,1.598181962966919,normalize,0.907520368983354,0.0161822347693327,35026.86303367051,2.5248826503753663,51.0,200.0,0.1,0.01,2.0,50.0,,,,,
GA,median,27,0.9158201399827683,36613.332374268815,1.62872314453125,normalize,0.907520368983354,0.0161822347693327,35026.86303367051,2.5248826503753663,51.0,200.0,0.1,0.01,2.0,50.0,,,,,
GA,median,28,0.8623883229683871,31809.731071599374,1.5881032943725586,normalize,0.907520368983354,0.0161822347693327,35026.86303367051,2.5248826503753663,51.0,200.0,0.1,0.01,2.0,50.0,,,,,
GA,median,29,0.8464174627216647,35311.7750556114,1.5779330730438232,normalize,0.907520368983354,0.0161822347693327,35026.86303367051,2.5248826503753663,51.0,200.0,0.1,0.01,2.0,50.0,,,,,
GA,median,30,0.8647074304950735,33955.04570410539,1.6027860641479492,normalize,0.907520368983354,0.0161822347693327,35026.86303367051,2.5248826503753663,51.0,200.0,0.1,0.01,2.0,50.0,,,,,
GA,median,31,0.8339454552634737,29577.828093467248,1.6074459552764893,normalize,0.907520368983354,0.0161822347693327,35026.86303367051,2.5248826503753663,51.0,200.0,0.1,0.01,2.0,50.0,,,,,
PSO,worst,1,1.1337305079004452,31923.598297239667,2.9970011711120605,normalize,1.1786294061611025,0.0320186194558973,36210.105702596506,4.192363929748535,51.0,,,,,,200.0,50.0,0.4,1.0,1.0
PSO,worst,2,1.1810803314158744,37739.361671338105,2.9001128673553467,normalize,1.1786294061611025,0.0320186194558973,36210.105702596506,4.192363929748535,51.0,,,,,,200.0,50.0,0.4,1.0,1.0
PSO,worst,3,1.1791980849066999,36671.968637354905,2.795492172241211,normalize,1.1786294061611025,0.0320186194558973,36210.105702596506,4.192363929748535,51.0,,,,,,200.0,50.0,0.4,1.0,1.0
PSO,worst,4,1.166201547988205,37088.72450594941,2.9777779579162598,normalize,1.1786294061611025,0.0320186194558973,36210.105702596506,4.192363929748535,51.0,,,,,,200.0,50.0,0.4,1.0,1.0
PSO,worst,5,1.2329365585942873,37626.87540110043,2.7453770637512207,normalize,1.1786294061611025,0.0320186194558973,36210.105702596506,4.192363929748535,51.0,,,,,,200.0,50.0,0.4,1.0,1.0
PSO,worst,6,1.1296645833516539,36602.07883090119,2.6412789821624756,normalize,1.1786294061611025,0.0320186194558973,36210.105702596506,4.192363929748535,51.0,,,,,,200.0,50.0,0.4,1.0,1.0
PSO,worst,7,1.1924294605835897,36773.968654365286,2.7817721366882324,normalize,1.1786294061611025,0.0320186194558973,36210.105702596506,4.192363929748535,51.0,,,,,,200.0,50.0,0.4,1.0,1.0
PSO,worst,8,1.2016670783178793,38857.93330313998,2.8431289196014404,normalize,1.1786294061611025,0.0320186194558973,36210.105702596506,4.192363929748535,51.0,,,,,,200.0,50.0,0.4,1.0,1.0
PSO,worst,9,1.2090718317907752,39019.26719343676,2.9012539386749268,normalize,1.1786294061611025,0.0320186194558973,36210.105702596506,4.192363929748535,51.0,,,,,,200.0,50.0,0.4,1.0,1.0
PSO,worst,10,1.1530125579976374,32486.239402174866,2.8312761783599854,normalize,1.1786294061611025,0.0320186194558973,36210.105702596506,4.192363929748535,51.0,,,,,,200.0,50.0,0.4,1.0,1.0
PSO,worst,11,1.1826860746820147,39052.889571783904,2.9903571605682373,normalize,1.1786294061611025,0.0320186194558973,36210.105702596506,4.192363929748535,51.0,,,,,,200.0,50.0,0.4,1.0,1.0
PSO,worst,12,1.1998790497212262,38737.41760863864,3.1616897583007812,normalize,1.1786294061611025,0.0320186194558973,36210.105702596506,4.192363929748535,51.0,,,,,,200.0,50.0,0.4,1.0,1.0
PSO,worst,13,1.2518042434644798,37459.109681172195,2.907792806625366,normalize,1.1786294061611025,0.0320186194558973,36210.105702596506,4.192363929748535,51.0,,,,,,200.0,50.0,0.4,1.0,1.0
PSO,worst,14,1.1747279004121256,38077.10176662656,2.776003122329712,normalize,1.1786294061611025,0.0320186194558973,36210.105702596506,4.192363929748535,51.0,,,,,,200.0,50.0,0.4,1.0,1.0
PSO,worst,15,1.201709202617796,35909.47264376127,2.677638292312622,normalize,1.1786294061611025,0.0320186194558973,36210.105702596506,4.192363929748535,51.0,,,,,,200.0,50.0,0.4,1.0,1.0
PSO,worst,16,1.1463155199813622,33186.34667007588,2.7772538661956787,normalize,1.1786294061611025,0.0320186194558973,36210.105702596506,4.192363929748535,51.0,,,,,,200.0,50.0,0.4,1.0,1.0
PSO,worst,17,1.2143892777572518,38410.57460218543,2.7773821353912354,normalize,1.1786294061611025,0.0320186194558973,36210.105702596506,4.192363929748535,51.0,,,,,,200.0,50.0,0.4,1.0,1.0
PSO,worst,18,1.1020966463737665,35179.41304445059,2.7992210388183594,normalize,1.1786294061611025,0.0320186194558973,36210.105702596506,4.192363929748535,51.0,,,,,,200.0,50.0,0.4,1.0,1.0
PSO,worst,19,1.2395797684545498,38180.65130972947,2.821382761001587,normalize,1.1786294061611025,0.0320186194558973,36210.105702596506,4.192363929748535,51.0,,,,,,200.0,50.0,0.4,1.0,1.0
PSO,worst,20,1.214989739732394,37513.500144982914,2.755511999130249,normalize,1.1786294061611025,0.0320186194558973,36210.105702596506,4.192363929748535,51.0,,,,,,200.0,50.0,0.4,1.0,1.0
PSO,worst,21,1.213738216355231,37683.23160451813,2.773514986038208,normalize,1.1786294061611025,0.0320186194558973,36210.105702596506,4.192363929748535,51.0,,,,,,200.0,50.0,0.4,1.0,1.0
PSO,worst,22,1.0814611160738252,32176.573648221278,2.760427713394165,normalize,1.1786294061611025,0.0320186194558973,36210.105702596506,4.192363929748535,51.0,,,,,,200.0,50.0,0.4,1.0,1.0
PSO,worst,23,1.1598701928384267,38100.33931159431,2.813678026199341,normalize,1.1786294061611025,0.0320186194558973,36210.105702596506,4.192363929748535,51.0,,,,,,200.0,50.0,0.4,1.0,1.0
PSO,worst,24,1.248114374587284,33234.69745249855,2.7080912590026855,normalize,1.1786294061611025,0.0320186194558973,36210.105702596506,4.192363929748535,51.0,,,,,,200.0,50.0,0.4,1.0,1.0
PSO,worst,25,1.2389693213565,37259.086245981,2.7376930713653564,normalize,1.1786294061611025,0.0320186194558973,36210.105702596506,4.192363929748535,51.0,,,,,,200.0,50.0,0.4,1.0,1.0
PSO,worst,26,1.2061356899759714,38015.31065278162,2.688831090927124,normalize,1.1786294061611025,0.0320186194558973,36210.105702596506,4.192363929748535,51.0,,,,,,200.0,50.0,0.4,1.0,1.0
PSO,worst,27,1.2411856341592935,36656.09038245939,2.6948940753936768,normalize,1.1786294061611025,0.0320186194558973,36210.105702596506,4.192363929748535,51.0,,,,,,200.0,50.0,0.4,1.0,1.0
PSO,worst,28,1.2076693049320053,37819.59882768568,2.7928662300109863,normalize,1.1786294061611025,0.0320186194558973,36210.105702596506,4.192363929748535,51.0,,,,,,200.0,50.0,0.4,1.0,1.0
PSO,worst,29,1.24132590098401,37013.85987158051,2.6905579566955566,normalize,1.1786294061611025,0.0320186194558973,36210.105702596506,4.192363929748535,51.0,,,,,,200.0,50.0,0.4,1.0,1.0
PSO,worst,30,1.2114440059386467,38701.948407787066,2.790060043334961,normalize,1.1786294061611025,0.0320186194558973,36210.105702596506,4.192363929748535,51.0,,,,,,200.0,50.0,0.4,1.0,1.0
PSO,worst,31,1.1116075714534044,32588.497883820422,2.746065855026245,normalize,1.1786294061611025,0.0320186194558973,36210.105702596506,4.192363929748535,51.0,,,,,,200.0,50.0,0.4,1.0,1.0
GA,best,1,1.165860706221633,38576.129295900275,3.1623659133911133,normalize,1.1827077154188796,0.0103126471338024,37776.03795995824,4.734544706344605,101.0,200.0,0.01,0.01,5.0,100.0,,,,,
GA,best,2,1.168008964518612,37160.28592926132,3.0193920135498047,normalize,1.1827077154188796,0.0103126471338024,37776.03795995824,4.734544706344605,101.0,200.0,0.01,0.01,5.0,100.0,,,,,
GA,best,3,1.155507621371505,38828.73984451189,3.0161850452423096,normalize,1.1827077154188796,0.0103126471338024,37776.03795995824,4.734544706344605,101.0,200.0,0.01,0.01,5.0,100.0,,,,,
GA,best,4,1.1715816111656274,38311.63586450375,3.127707004547119,normalize,1.1827077154188796,0.0103126471338024,37776.03795995824,4.734544706344605,101.0,200.0,0.01,0.01,5.0,100.0,,,,,
GA,best,5,1.1506487114698203,37761.33961515181,3.0140268802642822,normalize,1.1827077154188796,0.0103126471338024,37776.03795995824,4.734544706344605,101.0,200.0,0.01,0.01,5.0,100.0,,,,,
GA,best,6,1.1872798057477405,39028.68024123324,2.95025897026062,normalize,1.1827077154188796,0.0103126471338024,37776.03795995824,4.734544706344605,101.0,200.0,0.01,0.01,5.0,100.0,,,,,
GA,best,7,1.1673747348243804,38885.836285809986,2.9655978679656982,normalize,1.1827077154188796,0.0103126471338024,37776.03795995824,4.734544706344605,101.0,200.0,0.01,0.01,5.0,100.0,,,,,
GA,best,8,1.1721994815777395,37300.66484969924,3.1119539737701416,normalize,1.1827077154188796,0.0103126471338024,37776.03795995824,4.734544706344605,101.0,200.0,0.01,0.01,5.0,100.0,,,,,
GA,best,9,1.1678647770877872,39006.8189587847,2.981842041015625,normalize,1.1827077154188796,0.0103126471338024,37776.03795995824,4.734544706344605,101.0,200.0,0.01,0.01,5.0,100.0,,,,,
GA,best,10,1.1432253460850539,37924.65951208962,3.2690348625183105,normalize,1.1827077154188796,0.0103126471338024,37776.03795995824,4.734544706344605,101.0,200.0,0.01,0.01,5.0,100.0,,,,,
GA,best,11,1.1658300363190612,38962.41756103661,3.03174090385437,normalize,1.1827077154188796,0.0103126471338024,37776.03795995824,4.734544706344605,101.0,200.0,0.01,0.01,5.0,100.0,,,,,
GA,best,12,1.1627989343359146,38155.61264861369,3.373420000076294,normalize,1.1827077154188796,0.0103126471338024,37776.03795995824,4.734544706344605,101.0,200.0,0.01,0.01,5.0,100.0,,,,,
GA,best,13,1.1537150123439148,37770.51179734605,2.99584698677063,normalize,1.1827077154188796,0.0103126471338024,37776.03795995824,4.734544706344605,101.0,200.0,0.01,0.01,5.0,100.0,,,,,
GA,best,14,1.1791641096512477,37356.81493104512,3.067340850830078,normalize,1.1827077154188796,0.0103126471338024,37776.03795995824,4.734544706344605,101.0,200.0,0.01,0.01,5.0,100.0,,,,,
GA,best,15,1.1602710509259646,36901.37852594647,3.054567813873291,normalize,1.1827077154188796,0.0103126471338024,37776.03795995824,4.734544706344605,101.0,200.0,0.01,0.01,5.0,100.0,,,,,
GA,best,16,1.177153155103404,37588.22340442881,3.0332272052764893,normalize,1.1827077154188796,0.0103126471338024,37776.03795995824,4.734544706344605,101.0,200.0,0.01,0.01,5.0,100.0,,,,,
GA,best,17,1.1830060881194762,36058.62368443933,3.021026134490967,normalize,1.1827077154188796,0.0103126471338024,37776.03795995824,4.734544706344605,101.0,200.0,0.01,0.01,5.0,100.0,,,,,
GA,best,18,1.1619751168741075,38835.76119304209,3.001984119415283,normalize,1.1827077154188796,0.0103126471338024,37776.03795995824,4.734544706344605,101.0,200.0,0.01,0.01,5.0,100.0,,,,,
GA,best,19,1.1759574678714637,38837.77969515652,3.0284552574157715,normalize,1.1827077154188796,0.0103126471338024,37776.03795995824,4.734544706344605,101.0,200.0,0.01,0.01,5.0,100.0,,,,,
GA,best,20,1.1717376867368314,38829.1190061813,2.9640390872955322,normalize,1.1827077154188796,0.0103126471338024,37776.03795995824,4.734544706344605,101.0,200.0,0.01,0.01,5.0,100.0,,,,,
GA,best,21,1.1475128927384577,37750.65818594752,2.948132038116455,normalize,1.1827077154188796,0.0103126471338024,37776.03795995824,4.734544706344605,101.0,200.0,0.01,0.01,5.0,100.0,,,,,
GA,best,22,1.1501251900798155,38290.04486793091,3.016939163208008,normalize,1.1827077154188796,0.0103126471338024,37776.03795995824,4.734544706344605,101.0,200.0,0.01,0.01,5.0,100.0,,,,,
GA,best,23,1.1593680478429496,38619.046334715735,2.902156114578247,normalize,1.1827077154188796,0.0103126471338024,37776.03795995824,4.734544706344605,101.0,200.0,0.01,0.01,5.0,100.0,,,,,
GA,best,24,1.1971632314154166,39014.34239851325,2.937650203704834,normalize,1.1827077154188796,0.0103126471338024,37776.03795995824,4.734544706344605,101.0,200.0,0.01,0.01,5.0,100.0,,,,,
GA,best,25,1.1673867904816806,37962.84078702731,2.933253049850464,normalize,1.1827077154188796,0.0103126471338024,37776.03795995824,4.734544706344605,101.0,200.0,0.01,0.01,5.0,100.0,,,,,
GA,best,26,1.1632206423926745,38544.82482023384,2.9482197761535645,normalize,1.1827077154188796,0.0103126471338024,37776.03795995824,4.734544706344605,101.0,200.0,0.01,0.01,5.0,100.0,,,,,
GA,best,27,1.1652723261238673,38277.413974098505,2.89790415763855,normalize,1.1827077154188796,0.0103126471338024,37776.03795995824,4.734544706344605,101.0,200.0,0.01,0.01,5.0,100.0,,,,,
GA,best,28,1.16856113004952,38584.54009275048,2.9272470474243164,normalize,1.1827077154188796,0.0103126471338024,37776.03795995824,4.734544706344605,101.0,200.0,0.01,0.01,5.0,100.0,,,,,
GA,best,29,1.1468622718915655,39082.1089304074,2.9341959953308105,normalize,1.1827077154188796,0.0103126471338024,37776.03795995824,4.734544706344605,101.0,200.0,0.01,0.01,5.0,100.0,,,,,
GA,best,30,1.141968732791782,38462.97213750891,2.931311845779419,normalize,1.1827077154188796,0.0103126471338024,37776.03795995824,4.734544706344605,101.0,200.0,0.01,0.01,5.0,100.0,,,,,
GA,best,31,1.186008636713391,38185.18028392387,3.0070741176605225,normalize,1.1827077154188796,0.0103126471338024,37776.03795995824,4.734544706344605,101.0,200.0,0.01,0.01,5.0,100.0,,,,,
PSO,best,1,1.136725283354393,36009.16092528025,5.672770738601685,normalize,1.4081832664488385,0.0151493379642681,39128.24504774654,6.193632316589356,101.0,,,,,,200.0,100.0,0.9,2.0,2.0
PSO,best,2,1.2470981375143644,38486.64791063189,5.755414724349976,normalize,1.4081832664488385,0.0151493379642681,39128.24504774654,6.193632316589356,101.0,,,,,,200.0,100.0,0.9,2.0,2.0
PSO,best,3,1.2889666407901696,38113.83755939827,5.339325189590454,normalize,1.4081832664488385,0.0151493379642681,39128.24504774654,6.193632316589356,101.0,,,,,,200.0,100.0,0.9,2.0,2.0
PSO,best,4,1.2880463590387137,38502.080175690884,5.513289928436279,normalize,1.4081832664488385,0.0151493379642681,39128.24504774654,6.193632316589356,101.0,,,,,,200.0,100.0,0.9,2.0,2.0
PSO,best,5,1.3048028118325194,38799.68102195522,5.303785085678101,normalize,1.4081832664488385,0.0151493379642681,39128.24504774654,6.193632316589356,101.0,,,,,,200.0,100.0,0.9,2.0,2.0
PSO,best,6,1.2810198129735777,38889.60665871567,5.381702899932861,normalize,1.4081832664488385,0.0151493379642681,39128.24504774654,6.193632316589356,101.0,,,,,,200.0,100.0,0.9,2.0,2.0
PSO,best,7,1.2868484367666224,38548.52121813666,5.856787919998169,normalize,1.4081832664488385,0.0151493379642681,39128.24504774654,6.193632316589356,101.0,,,,,,200.0,100.0,0.9,2.0,2.0
PSO,best,8,1.3150516484886001,38584.11466750248,5.421513080596924,normalize,1.4081832664488385,0.0151493379642681,39128.24504774654,6.193632316589356,101.0,,,,,,200.0,100.0,0.9,2.0,2.0
PSO,best,9,1.2006901596856,35720.99614010117,5.732074975967407,normalize,1.4081832664488385,0.0151493379642681,39128.24504774654,6.193632316589356,101.0,,,,,,200.0,100.0,0.9,2.0,2.0
PSO,best,10,1.2088888922034762,32801.19272107035,5.474053859710693,normalize,1.4081832664488385,0.0151493379642681,39128.24504774654,6.193632316589356,101.0,,,,,,200.0,100.0,0.9,2.0,2.0
PSO,best,11,1.2977253888702456,37279.213557033276,5.305672883987427,normalize,1.4081832664488385,0.0151493379642681,39128.24504774654,6.193632316589356,101.0,,,,,,200.0,100.0,0.9,2.0,2.0
PSO,best,12,1.2934329261915973,38760.11214254947,5.4351561069488525,normalize,1.4081832664488385,0.0151493379642681,39128.24504774654,6.193632316589356,101.0,,,,,,200.0,100.0,0.9,2.0,2.0
PSO,best,13,1.3506113796557446,39087.08666877786,5.181511163711548,normalize,1.4081832664488385,0.0151493379642681,39128.24504774654,6.193632316589356,101.0,,,,,,200.0,100.0,0.9,2.0,2.0
PSO,best,14,1.241088978150191,38740.72500078192,5.312985897064209,normalize,1.4081832664488385,0.0151493379642681,39128.24504774654,6.193632316589356,101.0,,,,,,200.0,100.0,0.9,2.0,2.0
PSO,best,15,1.297034599130217,38418.21459142696,5.003062009811401,normalize,1.4081832664488385,0.0151493379642681,39128.24504774654,6.193632316589356,101.0,,,,,,200.0,100.0,0.9,2.0,2.0
PSO,best,16,1.289343186960854,34866.65859679112,5.135770082473755,normalize,1.4081832664488385,0.0151493379642681,39128.24504774654,6.193632316589356,101.0,,,,,,200.0,100.0,0.9,2.0,2.0
PSO,best,17,1.3214105158018499,39006.95109893081,5.139821290969849,normalize,1.4081832664488385,0.0151493379642681,39128.24504774654,6.193632316589356,101.0,,,,,,200.0,100.0,0.9,2.0,2.0
PSO,best,18,1.2857389393967924,36556.47561361288,5.302465200424194,normalize,1.4081832664488385,0.0151493379642681,39128.24504774654,6.193632316589356,101.0,,,,,,200.0,100.0,0.9,2.0,2.0
PSO,best,19,1.2672192105718556,36521.29260383925,5.443784952163696,normalize,1.4081832664488385,0.0151493379642681,39128.24504774654,6.193632316589356,101.0,,,,,,200.0,100.0,0.9,2.0,2.0
PSO,best,20,1.2798931112782927,38984.80179552098,5.298955917358398,normalize,1.4081832664488385,0.0151493379642681,39128.24504774654,6.193632316589356,101.0,,,,,,200.0,100.0,0.9,2.0,2.0
PSO,best,21,1.3215526650676184,38566.1558417171,5.31936502456665,normalize,1.4081832664488385,0.0151493379642681,39128.24504774654,6.193632316589356,101.0,,,,,,200.0,100.0,0.9,2.0,2.0
PSO,best,22,1.174035064020205,32468.853762055147,5.387155294418335,normalize,1.4081832664488385,0.0151493379642681,39128.24504774654,6.193632316589356,101.0,,,,,,200.0,100.0,0.9,2.0,2.0
PSO,best,23,1.23089364797895,38996.98332658013,5.459515810012817,normalize,1.4081832664488385,0.0151493379642681,39128.24504774654,6.193632316589356,101.0,,,,,,200.0,100.0,0.9,2.0,2.0
PSO,best,24,1.361755239244653,37290.27099361217,5.152006149291992,normalize,1.4081832664488385,0.0151493379642681,39128.24504774654,6.193632316589356,101.0,,,,,,200.0,100.0,0.9,2.0,2.0
PSO,best,25,1.3542282710816793,38555.617433677435,5.294079065322876,normalize,1.4081832664488385,0.0151493379642681,39128.24504774654,6.193632316589356,101.0,,,,,,200.0,100.0,0.9,2.0,2.0
PSO,best,26,1.2771169473471817,38139.74269816266,5.324645042419434,normalize,1.4081832664488385,0.0151493379642681,39128.24504774654,6.193632316589356,101.0,,,,,,200.0,100.0,0.9,2.0,2.0
PSO,best,27,1.336371225890335,38405.9593158556,5.19666600227356,normalize,1.4081832664488385,0.0151493379642681,39128.24504774654,6.193632316589356,101.0,,,,,,200.0,100.0,0.9,2.0,2.0
PSO,best,28,1.2976727798936856,38725.15535504899,5.477205753326416,normalize,1.4081832664488385,0.0151493379642681,39128.24504774654,6.193632316589356,101.0,,,,,,200.0,100.0,0.9,2.0,2.0
PSO,best,29,1.3331688270684772,38577.256821959454,5.193104028701782,normalize,1.4081832664488385,0.0151493379642681,39128.24504774654,6.193632316589356,101.0,,,,,,200.0,100.0,0.9,2.0,2.0
PSO,best,30,1.3625243078408253,39095.00148130219,5.478274822235107,normalize,1.4081832664488385,0.0151493379642681,39128.24504774654,6.193632316589356,101.0,,,,,,200.0,100.0,0.9,2.0,2.0
PSO,best,31,1.1648883911159398,32715.78940139795,5.450146913528442,normalize,1.4081832664488385,0.0151493379642681,39128.24504774654,6.193632316589356,101.0,,,,,,200.0,100.0,0.9,2.0,2.0
PSO,median,1,1.136725283354393,36009.16092528025,5.7418622970581055,normalize,1.253127846506032,0.0612534698340019,37982.2815185913,8.246521806716919,101.0,,,,,,200.0,100.0,0.9,2.0,1.5
PSO,median,2,1.2470981375143644,38486.64791063189,5.76970100402832,normalize,1.253127846506032,0.0612534698340019,37982.2815185913,8.246521806716919,101.0,,,,,,200.0,100.0,0.9,2.0,1.5
PSO,median,3,1.2889666407901696,38113.83755939827,5.324331998825073,normalize,1.253127846506032,0.0612534698340019,37982.2815185913,8.246521806716919,101.0,,,,,,200.0,100.0,0.9,2.0,1.5
PSO,median,4,1.2880463590387137,38502.080175690884,5.4795472621917725,normalize,1.253127846506032,0.0612534698340019,37982.2815185913,8.246521806716919,101.0,,,,,,200.0,100.0,0.9,2.0,1.5
PSO,median,5,1.3048028118325194,38799.68102195522,5.40791916847229,normalize,1.253127846506032,0.0612534698340019,37982.2815185913,8.246521806716919,101.0,,,,,,200.0,100.0,0.9,2.0,1.5
PSO,median,6,1.2810198129735777,38889.60665871567,5.38193678855896,normalize,1.253127846506032,0.0612534698340019,37982.2815185913,8.246521806716919,101.0,,,,,,200.0,100.0,0.9,2.0,1.5
PSO,median,7,1.2868484367666224,38548.52121813666,5.872673034667969,normalize,1.253127846506032,0.0612534698340019,37982.2815185913,8.246521806716919,101.0,,,,,,200.0,100.0,0.9,2.0,1.5
PSO,median,8,1.3150516484886001,38584.11466750248,5.456920862197876,normalize,1.253127846506032,0.0612534698340019,37982.2815185913,8.246521806716919,101.0,,,,,,200.0,100.0,0.9,2.0,1.5
PSO,median,9,1.2006901596856,35720.99614010117,5.736187934875488,normalize,1.253127846506032,0.0612534698340019,37982.2815185913,8.246521806716919,101.0,,,,,,200.0,100.0,0.9,2.0,1.5
PSO,median,10,1.2088888922034762,32801.19272107035,5.5096001625061035,normalize,1.253127846506032,0.0612534698340019,37982.2815185913,8.246521806716919,101.0,,,,,,200.0,100.0,0.9,2.0,1.5
PSO,median,11,1.2977253888702456,37279.213557033276,5.283806085586548,normalize,1.253127846506032,0.0612534698340019,37982.2815185913,8.246521806716919,101.0,,,,,,200.0,100.0,0.9,2.0,1.5
PSO,median,12,1.2934329261915973,38760.11214254947,5.479840040206909,normalize,1.253127846506032,0.0612534698340019,37982.2815185913,8.246521806716919,101.0,,,,,,200.0,100.0,0.9,2.0,1.5
PSO,median,13,1.3506113796557446,39087.08666877786,5.167633771896362,normalize,1.253127846506032,0.0612534698340019,37982.2815185913,8.246521806716919,101.0,,,,,,200.0,100.0,0.9,2.0,1.5
PSO,median,14,1.241088978150191,38740.72500078192,5.32613205909729,normalize,1.253127846506032,0.0612534698340019,37982.2815185913,8.246521806716919,101.0,,,,,,200.0,100.0,0.9,2.0,1.5
PSO,median,15,1.297034599130217,38418.21459142696,5.029259204864502,normalize,1.253127846506032,0.0612534698340019,37982.2815185913,8.246521806716919,101.0,,,,,,200.0,100.0,0.9,2.0,1.5
PSO,median,16,1.289343186960854,34866.65859679112,5.1386260986328125,normalize,1.253127846506032,0.0612534698340019,37982.2815185913,8.246521806716919,101.0,,,,,,200.0,100.0,0.9,2.0,1.5
PSO,median,17,1.3214105158018499,39006.95109893081,5.156811952590942,normalize,1.253127846506032,0.0612534698340019,37982.2815185913,8.246521806716919,101.0,,,,,,200.0,100.0,0.9,2.0,1.5
PSO,median,18,1.2857389393967924,36556.47561361288,5.334540843963623,normalize,1.253127846506032,0.0612534698340019,37982.2815185913,8.246521806716919,101.0,,,,,,200.0,100.0,0.9,2.0,1.5
PSO,median,19,1.2672192105718556,36521.29260383925,5.4443933963775635,normalize,1.253127846506032,0.0612534698340019,37982.2815185913,8.246521806716919,101.0,,,,,,200.0,100.0,0.9,2.0,1.5
PSO,median,20,1.2798931112782927,38984.80179552098,5.316359996795654,normalize,1.253127846506032,0.0612534698340019,37982.2815185913,8.246521806716919,101.0,,,,,,200.0,100.0,0.9,2.0,1.5
PSO,median,21,1.3215526650676184,38566.1558417171,5.354838132858276,normalize,1.253127846506032,0.0612534698340019,37982.2815185913,8.246521806716919,101.0,,,,,,200.0,100.0,0.9,2.0,1.5
PSO,median,22,1.174035064020205,32468.853762055147,5.395009994506836,normalize,1.253127846506032,0.0612534698340019,37982.2815185913,8.246521806716919,101.0,,,,,,200.0,100.0,0.9,2.0,1.5
PSO,median,23,1.23089364797895,38996.98332658013,5.477117300033569,normalize,1.253127846506032,0.0612534698340019,37982.2815185913,8.246521806716919,101.0,,,,,,200.0,100.0,0.9,2.0,1.5
PSO,median,24,1.361755239244653,37290.27099361217,5.178375005722046,normalize,1.253127846506032,0.0612534698340019,37982.2815185913,8.246521806716919,101.0,,,,,,200.0,100.0,0.9,2.0,1.5
PSO,median,25,1.3542282710816793,38555.617433677435,5.319485902786255,normalize,1.253127846506032,0.0612534698340019,37982.2815185913,8.246521806716919,101.0,,,,,,200.0,100.0,0.9,2.0,1.5
PSO,median,26,1.2771169473471817,38139.74269816266,5.354809045791626,normalize,1.253127846506032,0.0612534698340019,37982.2815185913,8.246521806716919,101.0,,,,,,200.0,100.0,0.9,2.0,1.5
PSO,median,27,1.336371225890335,38405.9593158556,5.210280895233154,normalize,1.253127846506032,0.0612534698340019,37982.2815185913,8.246521806716919,101.0,,,,,,200.0,100.0,0.9,2.0,1.5
PSO,median,28,1.2976727798936856,38725.15535504899,5.495660781860352,normalize,1.253127846506032,0.0612534698340019,37982.2815185913,8.246521806716919,101.0,,,,,,200.0,100.0,0.9,2.0,1.5
PSO,median,29,1.3331688270684772,38577.256821959454,5.196617126464844,normalize,1.253127846506032,0.0612534698340019,37982.2815185913,8.246521806716919,101.0,,,,,,200.0,100.0,0.9,2.0,1.5
PSO,median,30,1.3625243078408253,39095.00148130219,5.492419958114624,normalize,1.253127846506032,0.0612534698340019,37982.2815185913,8.246521806716919,101.0,,,,,,200.0,100.0,0.9,2.0,1.5
PSO,median,31,1.1648883911159398,32715.78940139795,5.489696025848389,normalize,1.253127846506032,0.0612534698340019,37982.2815185913,8.246521806716919,101.0,,,,,,200.0,100.0,0.9,2.0,1.5
